datetime,2017 Flow,2017 Level
2021-03-01 0:00,3295,22.89
2021-03-01 1:00,3279,22.9
2021-03-01 2:00,3287,22.9
2021-03-01 3:00,3287,22.9
2021-03-01 4:00,3294,22.9
2021-03-01 5:00,3276,22.9
2021-03-01 6:00,3281,22.91
2021-03-01 7:00,3288,22.91
2021-03-01 8:00,3292,22.91
2021-03-01 9:00,3288,22.91
2021-03-01 10:00,3294,22.91
2021-03-01 11:00,3291,22.91
2021-03-01 12:00,3308,22.92
2021-03-01 13:00,3310,22.92
2021-03-01 14:00,3417,22.94
2021-03-01 15:00,3425,22.94
2021-03-01 16:00,3496,22.96
2021-03-01 17:00,3494,22.97
2021-03-01 18:00,3495,22.97
2021-03-01 19:00,3593,22.99
2021-03-01 20:00,3634,23
2021-03-01 21:00,3647,23.01
2021-03-01 22:00,3638,23.01
2021-03-01 23:00,3632,23.02
2021-03-02 0:00,3638,23.03
2021-03-02 1:00,3646,23.03
2021-03-02 2:00,3684,23.04
2021-03-02 3:00,3983,23.11
2021-03-02 4:00,3979,23.1
2021-03-02 5:00,3933,23.1
2021-03-02 6:00,3811,23.1
2021-03-02 7:00,3981,23.13
2021-03-02 8:00,3985,23.15
2021-03-02 9:00,4049,23.16
2021-03-02 10:00,4038,23.17
2021-03-02 11:00,4035,23.17
2021-03-02 12:00,4005,23.17
2021-03-02 13:00,3951,23.17
2021-03-02 14:00,3939,23.18
2021-03-02 15:00,3946,23.18
2021-03-02 16:00,3970,23.18
2021-03-02 17:00,4042,23.21
2021-03-02 18:00,4048,23.21
2021-03-02 19:00,4047,23.21
2021-03-02 20:00,4035,23.22
2021-03-02 21:00,4036,23.22
2021-03-02 22:00,4044,23.22
2021-03-02 23:00,4042,23.22
2021-03-03 0:00,4037,23.23
2021-03-03 1:00,4050,23.23
2021-03-03 2:00,4052,23.23
2021-03-03 3:00,4042,23.23
2021-03-03 4:00,4048,23.24
2021-03-03 5:00,4052,23.24
2021-03-03 6:00,4032,23.24
2021-03-03 7:00,4034,23.25
2021-03-03 8:00,4037,23.25
2021-03-03 9:00,4046,23.25
2021-03-03 10:00,3946,23.23
2021-03-03 11:00,3950,23.23
2021-03-03 12:00,4055,23.24
2021-03-03 13:00,4041,23.24
2021-03-03 14:00,3988,23.24
2021-03-03 15:00,3849,23.22
2021-03-03 16:00,3983,23.23
2021-03-03 17:00,4042,23.25
2021-03-03 18:00,4024,23.25
2021-03-03 19:00,4011,23.24
2021-03-03 20:00,3978,23.23
2021-03-03 21:00,3912,23.22
2021-03-03 22:00,3919,23.23
2021-03-03 23:00,3967,23.23
2021-03-04 0:00,3962,23.23
2021-03-04 1:00,3969,23.23
2021-03-04 2:00,3952,23.22
2021-03-04 3:00,3961,23.22
2021-03-04 4:00,3973,23.22
2021-03-04 5:00,3974,23.22
2021-03-04 6:00,3960,23.22
2021-03-04 7:00,3964,23.21
2021-03-04 8:00,3979,23.21
2021-03-04 9:00,3916,23.2
2021-03-04 10:00,3871,23.2
2021-03-04 11:00,3876,23.2
2021-03-04 12:00,3911,23.21
2021-03-04 13:00,3937,23.21
2021-03-04 14:00,3929,23.21
2021-03-04 15:00,3934,23.2
2021-03-04 16:00,3934,23.2
2021-03-04 17:00,3878,23.2
2021-03-04 18:00,3897,23.2
2021-03-04 19:00,3897,23.19
2021-03-04 20:00,3916,23.2
2021-03-04 21:00,3888,23.19
2021-03-04 22:00,3908,23.19
2021-03-04 23:00,3895,23.18
2021-03-05 0:00,3859,23.17
2021-03-05 1:00,3868,23.17
2021-03-05 2:00,3829,23.17
2021-03-05 3:00,3819,23.17
2021-03-05 4:00,3825,23.16
2021-03-05 5:00,3821,23.16
2021-03-05 6:00,3823,23.16
2021-03-05 7:00,3759,23.14
2021-03-05 8:00,3743,23.14
2021-03-05 9:00,3736,23.14
2021-03-05 10:00,3738,23.13
2021-03-05 11:00,3731,23.13
2021-03-05 12:00,3728,23.13
2021-03-05 13:00,3742,23.13
2021-03-05 14:00,3738,23.12
2021-03-05 15:00,3719,23.12
2021-03-05 16:00,3652,23.11
2021-03-05 17:00,3608,23.1
2021-03-05 18:00,3598,23.09
2021-03-05 19:00,3602,23.09
2021-03-05 20:00,3601,23.09
2021-03-05 21:00,3595,23.08
2021-03-05 22:00,3599,23.08
2021-03-05 23:00,3599,23.08
2021-03-06 0:00,3597,23.07
2021-03-06 1:00,3550,23.06
2021-03-06 2:00,3533,23.05
2021-03-06 3:00,3523,23.04
2021-03-06 4:00,3480,23.03
2021-03-06 5:00,3465,23.03
2021-03-06 6:00,3474,23.02
2021-03-06 7:00,3476,23.02
2021-03-06 8:00,3479,23.01
2021-03-06 9:00,3472,23
2021-03-06 10:00,3392,23
2021-03-06 11:00,3395,22.99
2021-03-06 12:00,3399,22.99
2021-03-06 13:00,3404,22.98
2021-03-06 14:00,3403,22.98
2021-03-06 15:00,3407,22.98
2021-03-06 16:00,3402,22.97
2021-03-06 17:00,3403,22.96
2021-03-06 18:00,3402,22.96
2021-03-06 19:00,3402,22.96
2021-03-06 20:00,3415,22.96
2021-03-06 21:00,3398,22.96
2021-03-06 22:00,3391,22.95
2021-03-06 23:00,3390,22.95
2021-03-07 0:00,3384,22.95
2021-03-07 1:00,3388,22.95
2021-03-07 2:00,3404,22.94
2021-03-07 3:00,3396,22.95
2021-03-07 4:00,3398,22.94
2021-03-07 5:00,3408,22.94
2021-03-07 6:00,3379,22.93
2021-03-07 7:00,3353,22.92
2021-03-07 8:00,3357,22.92
2021-03-07 9:00,3454,22.93
2021-03-07 10:00,3422,22.93
2021-03-07 11:00,3421,22.93
2021-03-07 12:00,3414,22.92
2021-03-07 13:00,3403,22.92
2021-03-07 14:00,3384,22.92
2021-03-07 15:00,3380,22.91
2021-03-07 16:00,3383,22.92
2021-03-07 17:00,3506,22.93
2021-03-07 18:00,3507,22.95
2021-03-07 19:00,3483,22.94
2021-03-07 20:00,3472,22.94
2021-03-07 21:00,3471,22.93
2021-03-07 22:00,3395,22.92
2021-03-07 23:00,3396,22.93
2021-03-08 0:00,3400,22.92
2021-03-08 1:00,3396,22.93
2021-03-08 2:00,3412,22.92
2021-03-08 3:00,3449,22.93
2021-03-08 4:00,3447,22.93
2021-03-08 5:00,3455,22.94
2021-03-08 6:00,3480,22.94
2021-03-08 7:00,3483,22.94
2021-03-08 8:00,3508,22.94
2021-03-08 9:00,3509,22.94
2021-03-08 10:00,3544,22.96
2021-03-08 11:00,3716,23.01
2021-03-08 12:00,3726,23
2021-03-08 13:00,3719,23
2021-03-08 14:00,3933,23.03
2021-03-08 15:00,3681,22.98
2021-03-08 16:00,3689,22.98
2021-03-08 17:00,3616,23
2021-03-08 18:00,3604,23
2021-03-08 19:00,3605,23
2021-03-08 20:00,3557,23
2021-03-08 21:00,3563,23
2021-03-08 22:00,3629,23.01
2021-03-08 23:00,3643,23.03
2021-03-09 0:00,3698,23.04
2021-03-09 1:00,3699,23.04
2021-03-09 2:00,3704,23.05
2021-03-09 3:00,3693,23.05
2021-03-09 4:00,3693,23.06
2021-03-09 5:00,3697,23.06
2021-03-09 6:00,3721,23.06
2021-03-09 7:00,3734,23.07
2021-03-09 8:00,3742,23.07
2021-03-09 9:00,3873,23.1
2021-03-09 10:00,3874,23.11
2021-03-09 11:00,3781,23.09
2021-03-09 12:00,3774,23.1
2021-03-09 13:00,3771,23.1
2021-03-09 14:00,3775,23.1
2021-03-09 15:00,3773,23.11
2021-03-09 16:00,3809,23.12
2021-03-09 17:00,3876,23.13
2021-03-09 18:00,3878,23.13
2021-03-09 19:00,3880,23.13
2021-03-09 20:00,3850,23.13
2021-03-09 21:00,3836,23.13
2021-03-09 22:00,3835,23.14
2021-03-09 23:00,3834,23.13
2021-03-10 0:00,3816,23.14
2021-03-10 1:00,3838,23.14
2021-03-10 2:00,3821,23.14
2021-03-10 3:00,3823,23.15
2021-03-10 4:00,3833,23.14
2021-03-10 5:00,3832,23.14
2021-03-10 6:00,3866,23.15
2021-03-10 7:00,3858,23.15
2021-03-10 8:00,3867,23.15
2021-03-10 9:00,3880,23.16
2021-03-10 10:00,3889,23.16
2021-03-10 11:00,3878,23.16
2021-03-10 12:00,3881,23.16
2021-03-10 13:00,3880,23.16
2021-03-10 14:00,3876,23.16
2021-03-10 15:00,3887,23.17
2021-03-10 16:00,3890,23.16
2021-03-10 17:00,3885,23.16
2021-03-10 18:00,3899,23.16
2021-03-10 19:00,3934,23.17
2021-03-10 20:00,3909,23.17
2021-03-10 21:00,3921,23.17
2021-03-10 22:00,3914,23.17
2021-03-10 23:00,3914,23.17
2021-03-11 0:00,3911,23.16
2021-03-11 1:00,3906,23.17
2021-03-11 2:00,3897,23.17
2021-03-11 3:00,3892,23.16
2021-03-11 4:00,3851,23.16
2021-03-11 5:00,3862,23.16
2021-03-11 6:00,3835,23.15
2021-03-11 7:00,3830,23.16
2021-03-11 8:00,3819,23.16
2021-03-11 9:00,3792,23.16
2021-03-11 10:00,3786,23.15
2021-03-11 11:00,3876,23.15
2021-03-11 12:00,3810,23.16
2021-03-11 13:00,3800,23.15
2021-03-11 14:00,3806,23.15
2021-03-11 15:00,3790,23.15
2021-03-11 16:00,3799,23.15
2021-03-11 17:00,3732,23.14
2021-03-11 18:00,3737,23.14
2021-03-11 19:00,3723,23.13
2021-03-11 20:00,3698,23.12
2021-03-11 21:00,3697,23.12
2021-03-11 22:00,3636,23.1
2021-03-11 23:00,3575,23.09
2021-03-12 0:00,3554,23.08
2021-03-12 1:00,3547,23.08
2021-03-12 3:00,3534,23.07
2021-03-12 4:00,3506,23.06
2021-03-12 5:00,3465,23.05
2021-03-12 6:00,3424,23.04
2021-03-12 7:00,3428,23.02
2021-03-12 8:00,3428,23.02
2021-03-12 9:00,3438,23.02
2021-03-12 10:00,3422,23.01
2021-03-12 11:00,3407,23.01
2021-03-12 12:00,3415,23.01
2021-03-12 13:00,3407,23
2021-03-12 14:00,3411,23
2021-03-12 15:00,3407,22.99
2021-03-12 16:00,3410,22.99
2021-03-12 17:00,3402,22.99
2021-03-12 18:00,3415,22.98
2021-03-12 19:00,3398,22.97
2021-03-12 20:00,3352,22.96
2021-03-12 21:00,3361,22.96
2021-03-12 22:00,3363,22.96
2021-03-12 23:00,3351,22.95
2021-03-13 0:00,3332,22.95
2021-03-13 1:00,3335,22.94
2021-03-13 2:00,3341,22.93
2021-03-13 3:00,3316,22.93
2021-03-13 4:00,3287,22.92
2021-03-13 5:00,3299,22.92
2021-03-13 6:00,3300,22.91
2021-03-13 7:00,3292,22.91
2021-03-13 8:00,3304,22.91
2021-03-13 9:00,3291,22.9
2021-03-13 10:00,3305,22.9
2021-03-13 11:00,3304,22.9
2021-03-13 12:00,3307,22.89
2021-03-13 13:00,3312,22.89
2021-03-13 14:00,3307,22.89
2021-03-13 15:00,3295,22.88
2021-03-13 16:00,3239,22.88
2021-03-13 17:00,3234,22.87
2021-03-13 18:00,3231,22.87
2021-03-13 19:00,3239,22.87
2021-03-13 20:00,3253,22.86
2021-03-13 21:00,3242,22.86
2021-03-13 22:00,3239,22.86
2021-03-13 23:00,3241,22.85
2021-03-14 0:00,3253,22.85
2021-03-14 1:00,3243,22.85
2021-03-14 2:00,3252,22.85
2021-03-14 3:00,3247,22.84
2021-03-14 4:00,3243,22.85
2021-03-14 5:00,3243,22.84
2021-03-14 6:00,3245,22.84
2021-03-14 7:00,3240,22.84
2021-03-14 8:00,3254,22.84
2021-03-14 9:00,3248,22.83
2021-03-14 10:00,3249,22.83
2021-03-14 11:00,3242,22.83
2021-03-14 12:00,3251,22.83
2021-03-14 13:00,3232,22.82
2021-03-14 14:00,3248,22.82
2021-03-14 15:00,3247,22.82
2021-03-14 16:00,3239,22.82
2021-03-14 17:00,3216,22.82
2021-03-14 18:00,3220,22.82
2021-03-14 19:00,3211,22.82
2021-03-14 20:00,3217,22.82
2021-03-14 21:00,3218,22.82
2021-03-14 22:00,3228,22.82
2021-03-14 23:00,3222,22.82
2021-03-15 0:00,3203,22.82
2021-03-15 1:00,3162,22.82
2021-03-15 2:00,3177,22.82
2021-03-15 3:00,3165,22.82
2021-03-15 4:00,3166,22.81
2021-03-15 5:00,3163,22.81
2021-03-15 6:00,2987,22.8
2021-03-15 7:00,3043,22.81
2021-03-15 8:00,3051,22.8
2021-03-15 9:00,3039,22.79
2021-03-15 10:00,3042,22.79
2021-03-15 11:00,3040,22.79
2021-03-15 12:00,2758,22.76
2021-03-15 13:00,2777,22.75
2021-03-15 14:00,2776,22.75
2021-03-15 15:00,3102,22.78
2021-03-15 16:00,2879,22.7
2021-03-15 17:00,2882,22.7
2021-03-15 18:00,2883,22.69
2021-03-15 19:00,2885,22.69
2021-03-15 20:00,2883,22.69
2021-03-15 21:00,2874,22.68
2021-03-15 22:00,2882,22.68
2021-03-15 23:00,2882,22.67
2021-03-16 0:00,2886,22.67
2021-03-16 1:00,2889,22.67
2021-03-16 2:00,2886,22.66
2021-03-16 3:00,2900,22.66
2021-03-16 4:00,2884,22.66
2021-03-16 5:00,2888,22.66
2021-03-16 6:00,2883,22.66
2021-03-16 7:00,2906,22.66
2021-03-16 8:00,2878,22.65
2021-03-16 9:00,2874,22.65
2021-03-16 10:00,2857,22.64
2021-03-16 11:00,2853,22.64
2021-03-16 12:00,2845,22.63
2021-03-16 13:00,2849,22.63
2021-03-16 14:00,2849,22.63
2021-03-16 15:00,2832,22.62
2021-03-16 16:00,3146,22.7
2021-03-16 17:00,3159,22.7
2021-03-16 18:00,3333,22.76
2021-03-16 19:00,3088,22.73
2021-03-16 20:00,2928,22.71
2021-03-16 21:00,2902,22.69
2021-03-16 22:00,2888,22.7
2021-03-16 23:00,2931,22.7
2021-03-17 0:00,2926,22.7
2021-03-17 1:00,2916,22.69
2021-03-17 2:00,2907,22.69
2021-03-17 3:00,2872,22.68
2021-03-17 4:00,2858,22.68
2021-03-17 5:00,2834,22.68
2021-03-17 6:00,2822,22.68
2021-03-17 7:00,2831,22.68
2021-03-17 8:00,2850,22.67
2021-03-17 9:00,2879,22.68
2021-03-17 10:00,2916,22.68
2021-03-17 11:00,2909,22.68
2021-03-17 12:00,2876,22.68
2021-03-17 13:00,2871,22.68
2021-03-17 14:00,2851,22.67
2021-03-17 15:00,2831,22.67
2021-03-17 16:00,2821,22.67
2021-03-17 17:00,2834,22.67
2021-03-17 18:00,2832,22.67
2021-03-17 19:00,2780,22.65
2021-03-17 20:00,2767,22.65
2021-03-17 21:00,2804,22.65
2021-03-17 22:00,2795,22.65
2021-03-17 23:00,2808,22.65
2021-03-18 0:00,2799,22.65
2021-03-18 1:00,2778,22.64
2021-03-18 2:00,2781,22.64
2021-03-18 3:00,2802,22.64
2021-03-18 4:00,2780,22.64
2021-03-18 5:00,2775,22.64
2021-03-18 6:00,2761,22.63
2021-03-18 7:00,2818,22.64
2021-03-18 8:00,2852,22.65
2021-03-18 9:00,2860,22.65
2021-03-18 10:00,2837,22.64
2021-03-18 11:00,2818,22.64
2021-03-18 12:00,2825,22.64
2021-03-18 13:00,2736,22.63
2021-03-18 14:00,2735,22.63
2021-03-18 15:00,2778,22.63
2021-03-18 16:00,2808,22.64
2021-03-18 17:00,2802,22.63
2021-03-18 18:00,2799,22.63
2021-03-18 19:00,2797,22.63
2021-03-18 20:00,2790,22.62
2021-03-18 21:00,2795,22.63
2021-03-18 22:00,2795,22.63
2021-03-18 23:00,2819,22.63
2021-03-19 0:00,2819,22.63
2021-03-19 1:00,2815,22.63
2021-03-19 2:00,2818,22.63
2021-03-19 3:00,2822,22.63
2021-03-19 4:00,2814,22.63
2021-03-19 5:00,2821,22.63
2021-03-19 6:00,2809,22.63
2021-03-19 7:00,2741,22.62
2021-03-19 8:00,2756,22.62
2021-03-19 9:00,2774,22.62
2021-03-19 10:00,2788,22.62
2021-03-19 11:00,2803,22.63
2021-03-19 12:00,2803,22.63
2021-03-19 13:00,2734,22.62
2021-03-19 14:00,2734,22.61
2021-03-19 15:00,2744,22.61
2021-03-19 16:00,2734,22.61
2021-03-19 17:00,2752,22.61
2021-03-19 18:00,2742,22.6
2021-03-19 19:00,2769,22.61
2021-03-19 20:00,2768,22.61
2021-03-19 21:00,2749,22.6
2021-03-19 22:00,2742,22.6
2021-03-19 23:00,2730,22.6
2021-03-20 0:00,2749,22.6
2021-03-20 1:00,2743,22.6
2021-03-20 2:00,2740,22.59
2021-03-20 3:00,2740,22.6
2021-03-20 4:00,2761,22.6
2021-03-20 5:00,2811,22.6
2021-03-20 6:00,2788,22.6
2021-03-20 7:00,2750,22.6
2021-03-20 8:00,2748,22.55
2021-03-20 9:00,2903,22.59
2021-03-20 10:00,2921,22.59
2021-03-20 11:00,2799,22.57
2021-03-20 12:00,2798,22.56
2021-03-20 13:00,2717,22.56
2021-03-20 14:00,2739,22.56
2021-03-20 15:00,2743,22.56
2021-03-20 16:00,2756,22.56
2021-03-20 17:00,2695,22.57
2021-03-20 18:00,2609,22.57
2021-03-20 19:00,2587,22.56
2021-03-20 20:00,2585,22.56
2021-03-20 21:00,2577,22.56
2021-03-20 22:00,2588,22.56
2021-03-20 23:00,2589,22.55
2021-03-21 0:00,2589,22.55
2021-03-21 1:00,2585,22.55
2021-03-21 2:00,2586,22.55
2021-03-21 3:00,2580,22.54
2021-03-21 4:00,2579,22.53
2021-03-21 5:00,2580,22.53
2021-03-21 6:00,2622,22.53
2021-03-21 7:00,2639,22.54
2021-03-21 8:00,2454,22.5
2021-03-21 9:00,2703,22.54
2021-03-21 10:00,2622,22.53
2021-03-21 11:00,2594,22.51
2021-03-21 12:00,2779,22.55
2021-03-21 13:00,2788,22.55
2021-03-21 14:00,2565,22.51
2021-03-21 15:00,2563,22.52
2021-03-21 16:00,2559,22.51
2021-03-21 17:00,2558,22.51
2021-03-21 18:00,2551,22.51
2021-03-21 19:00,2564,22.51
2021-03-21 20:00,2566,22.51
2021-03-21 21:00,2586,22.51
2021-03-21 22:00,2597,22.51
2021-03-21 23:00,2594,22.51
2021-03-22 0:00,2589,22.5
2021-03-22 1:00,2671,22.51
2021-03-22 2:00,2682,22.51
2021-03-22 3:00,2672,22.51
2021-03-22 4:00,2654,22.51
2021-03-22 5:00,2658,22.51
2021-03-22 6:00,2600,22.5
2021-03-22 7:00,2554,22.5
2021-03-22 8:00,2551,22.5
2021-03-22 9:00,2381,22.46
2021-03-22 10:00,2385,22.46
2021-03-22 11:00,2394,22.46
2021-03-22 12:00,2403,22.46
2021-03-22 13:00,2229,22.43
2021-03-22 14:00,2225,22.43
2021-03-22 15:00,2277,22.42
2021-03-22 16:00,2255,22.42
2021-03-22 17:00,2457,22.43
2021-03-22 18:00,2512,22.44
2021-03-22 19:00,2520,22.44
2021-03-22 20:00,2510,22.44
2021-03-22 21:00,2505,22.44
2021-03-22 22:00,2480,22.43
2021-03-22 23:00,2475,22.43
2021-03-23 0:00,2472,22.43
2021-03-23 1:00,2469,22.43
2021-03-23 2:00,2461,22.43
2021-03-23 3:00,2452,22.43
2021-03-23 4:00,2455,22.43
2021-03-23 5:00,2434,22.43
2021-03-23 6:00,3140,22.54
2021-03-23 7:00,3122,22.52
2021-03-23 8:00,2202,22.43
2021-03-23 9:00,2406,22.43
2021-03-23 10:00,2439,22.44
2021-03-23 11:00,2459,22.45
2021-03-23 12:00,2381,22.43
2021-03-23 13:00,2459,22.44
2021-03-23 14:00,2468,22.43
2021-03-23 15:00,2490,22.44
2021-03-23 16:00,2498,22.44
2021-03-23 17:00,2499,22.44
2021-03-23 18:00,2509,22.44
2021-03-23 19:00,2509,22.44
2021-03-23 20:00,2485,22.44
2021-03-23 21:00,2478,22.44
2021-03-23 22:00,2469,22.44
2021-03-23 23:00,2470,22.44
2021-03-24 0:00,2468,22.43
2021-03-24 1:00,2463,22.44
2021-03-24 2:00,2469,22.43
2021-03-24 3:00,2460,22.43
2021-03-24 4:00,2444,22.43
2021-03-24 5:00,2442,22.43
2021-03-24 6:00,2443,22.43
2021-03-24 7:00,2351,22.41
2021-03-24 8:00,2357,22.41
2021-03-24 9:00,2362,22.41
2021-03-24 10:00,2357,22.41
2021-03-24 11:00,2360,22.41
2021-03-24 12:00,2360,22.41
2021-03-24 13:00,2359,22.41
2021-03-24 14:00,2367,22.41
2021-03-24 15:00,2368,22.4
2021-03-24 16:00,2323,22.39
2021-03-24 17:00,2329,22.4
2021-03-24 18:00,2320,22.39
2021-03-24 19:00,2319,22.39
2021-03-24 20:00,2316,22.39
2021-03-24 21:00,2321,22.39
2021-03-24 22:00,2312,22.39
2021-03-24 23:00,2318,22.38
2021-03-25 0:00,2311,22.38
2021-03-25 1:00,2318,22.38
2021-03-25 2:00,2319,22.38
2021-03-25 3:00,2308,22.37
2021-03-25 4:00,2308,22.37
2021-03-25 5:00,2305,22.37
2021-03-25 6:00,2302,22.36
2021-03-25 7:00,2292,22.36
2021-03-25 8:00,2289,22.36
2021-03-25 9:00,2294,22.35
2021-03-25 10:00,2296,22.36
2021-03-25 11:00,2309,22.36
2021-03-25 12:00,2309,22.36
2021-03-25 13:00,2313,22.36
2021-03-25 14:00,2286,22.35
2021-03-25 15:00,2289,22.35
2021-03-25 16:00,2232,22.34
2021-03-25 17:00,2230,22.33
2021-03-25 18:00,2225,22.33
2021-03-25 19:00,2232,22.33
2021-03-25 20:00,2218,22.33
2021-03-25 21:00,2220,22.32
2021-03-25 22:00,2226,22.32
2021-03-25 23:00,2217,22.32
2021-03-26 0:00,2214,22.31
2021-03-26 1:00,2214,22.31
2021-03-26 2:00,2212,22.31
2021-03-26 3:00,2210,22.31
2021-03-26 4:00,2207,22.31
2021-03-26 5:00,2194,22.31
2021-03-26 6:00,2195,22.31
2021-03-26 7:00,2195,22.3
2021-03-26 8:00,2193,22.3
2021-03-26 9:00,2214,22.31
2021-03-26 10:00,2216,22.31
2021-03-26 11:00,2202,22.3
2021-03-26 12:00,2129,22.29
2021-03-26 13:00,2136,22.3
2021-03-26 14:00,2146,22.29
2021-03-26 15:00,2134,22.29
2021-03-26 16:00,2127,22.29
2021-03-26 17:00,2133,22.28
2021-03-26 18:00,2134,22.28
2021-03-26 19:00,2138,22.28
2021-03-26 20:00,2179,22.28
2021-03-26 21:00,2193,22.29
2021-03-26 22:00,2182,22.28
2021-03-26 23:00,2211,22.28
2021-03-27 0:00,2198,22.28
2021-03-27 1:00,2201,22.28
2021-03-27 2:00,2190,22.28
2021-03-27 3:00,2190,22.28
2021-03-27 4:00,2186,22.28
2021-03-27 5:00,2186,22.28
2021-03-27 6:00,2200,22.28
2021-03-27 7:00,2199,22.28
2021-03-27 8:00,2812,22.38
2021-03-27 9:00,2458,22.33
2021-03-27 10:00,2459,22.34
2021-03-27 11:00,2455,22.34
2021-03-27 12:00,2475,22.34
2021-03-27 13:00,2473,22.35
2021-03-27 14:00,2476,22.36
2021-03-27 15:00,2484,22.36
2021-03-27 16:00,2498,22.36
2021-03-27 17:00,2491,22.37
2021-03-27 18:00,2488,22.37
2021-03-27 19:00,2492,22.38
2021-03-27 20:00,2497,22.38
2021-03-27 21:00,2507,22.38
2021-03-27 22:00,2003,22.33
2021-03-27 23:00,2027,22.32
2021-03-28 0:00,2036,22.32
2021-03-28 1:00,2034,22.32
2021-03-28 2:00,2039,22.31
2021-03-28 3:00,2038,22.3
2021-03-28 4:00,2033,22.3
2021-03-28 5:00,2069,22.3
2021-03-28 6:00,2088,22.3
2021-03-28 7:00,2086,22.29
2021-03-28 8:00,2088,22.28
2021-03-28 9:00,2111,22.28
2021-03-28 10:00,2159,22.29
2021-03-28 11:00,2172,22.28
2021-03-28 12:00,2183,22.29
2021-03-28 13:00,2206,22.29
2021-03-28 14:00,2203,22.29
2021-03-28 15:00,2203,22.29
2021-03-28 16:00,2218,22.29
2021-03-28 17:00,2274,22.3
2021-03-28 18:00,2288,22.31
2021-03-28 19:00,2292,22.31
2021-03-28 20:00,2293,22.31
2021-03-28 21:00,2298,22.31
2021-03-28 22:00,2297,22.31
2021-03-28 23:00,2393,22.33
2021-03-29 0:00,2403,22.33
2021-03-29 1:00,2404,22.34
2021-03-29 2:00,2399,22.34
2021-03-29 3:00,2403,22.34
2021-03-29 4:00,2398,22.34
2021-03-29 5:00,2396,22.35
2021-03-29 6:00,2385,22.35
2021-03-29 7:00,2378,22.35
2021-03-29 8:00,2388,22.35
2021-03-29 9:00,2404,22.35
2021-03-29 10:00,2409,22.36
2021-03-29 11:00,2467,22.37
2021-03-29 12:00,2476,22.37
2021-03-29 13:00,2481,22.38
2021-03-29 14:00,2473,22.38
2021-03-29 15:00,2438,22.38
2021-03-29 16:00,2436,22.38
2021-03-29 17:00,2440,22.39
2021-03-29 18:00,2438,22.39
2021-03-29 19:00,2433,22.39
2021-03-29 20:00,2425,22.39
2021-03-29 21:00,2518,22.4
2021-03-29 22:00,2520,22.4
2021-03-29 23:00,2498,22.41
2021-03-30 0:00,2505,22.4
2021-03-30 1:00,2502,22.41
2021-03-30 2:00,2501,22.41
2021-03-30 3:00,2486,22.42
2021-03-30 4:00,2480,22.42
2021-03-30 5:00,2555,22.42
2021-03-30 6:00,2581,22.43
2021-03-30 7:00,2557,22.43
2021-03-30 8:00,2578,22.44
2021-03-30 9:00,2595,22.44
2021-03-30 10:00,2639,22.44
2021-03-30 11:00,2651,22.45
2021-03-30 12:00,2505,22.45
2021-03-30 13:00,2515,22.45
2021-03-30 14:00,2566,22.46
2021-03-30 15:00,2566,22.46
2021-03-30 16:00,2559,22.46
2021-03-30 17:00,2541,22.46
2021-03-30 18:00,2503,22.47
2021-03-30 19:00,2687,22.48
2021-03-30 20:00,2692,22.49
2021-03-30 21:00,2703,22.5
2021-03-30 22:00,2700,22.5
2021-03-30 23:00,2659,22.49
2021-03-31 0:00,2689,22.5
2021-03-31 1:00,2693,22.51
2021-03-31 2:00,2697,22.51
2021-03-31 3:00,2694,22.52
2021-03-31 4:00,2699,22.52
2021-03-31 5:00,2702,22.52
2021-03-31 6:00,2697,22.53
2021-03-31 7:00,2725,22.53
2021-03-31 8:00,2723,22.53
2021-03-31 9:00,2724,22.53
2021-03-31 10:00,2717,22.53
2021-03-31 11:00,2577,22.52
2021-03-31 12:00,2645,22.53
2021-03-31 13:00,2763,22.54
2021-03-31 14:00,2791,22.54
2021-03-31 15:00,2806,22.55
2021-03-31 16:00,2788,22.55
2021-03-31 17:00,2792,22.55
2021-03-31 18:00,2793,22.55
2021-03-31 19:00,2811,22.56
2021-03-31 20:00,2790,22.56
2021-03-31 21:00,2794,22.57
2021-03-31 22:00,2790,22.57
2021-03-31 23:00,2796,22.58
2021-04-01 0:00,2800,22.58
2021-04-01 1:00,2796,22.58
2021-04-01 2:00,2802,22.58
2021-04-01 3:00,2806,22.59
2021-04-01 4:00,2806,22.59
2021-04-01 5:00,2804,22.6
2021-04-01 6:00,2807,22.6
2021-04-01 7:00,2809,22.6
2021-04-01 8:00,2797,22.6
2021-04-01 9:00,2766,22.6
2021-04-01 10:00,2770,22.6
2021-04-01 11:00,2779,22.6
2021-04-01 12:00,2774,22.6
2021-04-01 13:00,2799,22.59
2021-04-01 14:00,2787,22.58
2021-04-01 15:00,2725,22.59
2021-04-01 16:00,2727,22.59
2021-04-01 17:00,2732,22.59
2021-04-01 18:00,2747,22.58
2021-04-01 19:00,2733,22.58
2021-04-01 20:00,2739,22.58
2021-04-01 21:00,2731,22.58
2021-04-01 22:00,2726,22.59
2021-04-01 23:00,2733,22.58
2021-04-02 0:00,2738,22.59
2021-04-02 1:00,2720,22.58
2021-04-02 2:00,2726,22.58
2021-04-02 3:00,2730,22.57
2021-04-02 4:00,2680,22.57
2021-04-02 5:00,2677,22.57
2021-04-02 6:00,2672,22.57
2021-04-02 7:00,2698,22.57
2021-04-02 8:00,2668,22.56
2021-04-02 9:00,2662,22.56
2021-04-02 10:00,2670,22.56
2021-04-02 11:00,2677,22.56
2021-04-02 12:00,2700,22.56
2021-04-02 13:00,2724,22.55
2021-04-02 14:00,2622,22.55
2021-04-02 15:00,2682,22.55
2021-04-02 16:00,2705,22.54
2021-04-02 17:00,2704,22.54
2021-04-02 18:00,2710,22.54
2021-04-02 19:00,2700,22.55
2021-04-02 20:00,2711,22.55
2021-04-02 21:00,2718,22.55
2021-04-02 22:00,2723,22.55
2021-04-02 23:00,2750,22.55
2021-04-03 0:00,2744,22.55
2021-04-03 1:00,2791,22.56
2021-04-03 2:00,2775,22.56
2021-04-03 3:00,2792,22.56
2021-04-03 4:00,2775,22.57
2021-04-03 5:00,2791,22.57
2021-04-03 6:00,2793,22.57
2021-04-03 7:00,2831,22.57
2021-04-03 8:00,2801,22.57
2021-04-03 9:00,2816,22.58
2021-04-03 10:00,2809,22.58
2021-04-03 11:00,2812,22.58
2021-04-03 12:00,2803,22.58
2021-04-03 13:00,2811,22.58
2021-04-03 14:00,2807,22.58
2021-04-03 15:00,2800,22.58
2021-04-03 16:00,2807,22.58
2021-04-03 17:00,2808,22.58
2021-04-03 18:00,2812,22.58
2021-04-03 19:00,2811,22.58
2021-04-03 20:00,2820,22.58
2021-04-03 21:00,2811,22.59
2021-04-03 22:00,2811,22.59
2021-04-03 23:00,2805,22.59
2021-04-04 0:00,2820,22.6
2021-04-04 1:00,2835,22.59
2021-04-04 2:00,2799,22.6
2021-04-04 3:00,2815,22.6
2021-04-04 4:00,2811,22.6
2021-04-04 5:00,2797,22.6
2021-04-04 6:00,2933,22.63
2021-04-04 7:00,3030,22.65
2021-04-04 8:00,3035,22.66
2021-04-04 9:00,2986,22.66
2021-04-04 10:00,2917,22.64
2021-04-04 11:00,3040,22.67
2021-04-04 12:00,3097,22.68
2021-04-04 13:00,3241,22.72
2021-04-04 14:00,3555,22.8
2021-04-04 15:00,3574,22.79
2021-04-04 16:00,3575,22.81
2021-04-04 17:00,3592,22.82
2021-04-04 18:00,3584,22.84
2021-04-04 19:00,3584,22.85
2021-04-04 20:00,3690,22.89
2021-04-04 21:00,3715,22.9
2021-04-04 22:00,3960,22.96
2021-04-04 23:00,3959,22.96
2021-04-05 0:00,3971,22.98
2021-04-05 1:00,3969,22.99
2021-04-05 2:00,3972,23.01
2021-04-05 3:00,4146,23.05
2021-04-05 4:00,4176,23.07
2021-04-05 5:00,4173,23.08
2021-04-05 6:00,4439,23.15
2021-04-05 7:00,4646,23.2
2021-04-05 8:00,4641,23.22
2021-04-05 9:00,4651,23.23
2021-04-05 10:00,4699,23.25
2021-04-05 11:00,4726,23.27
2021-04-05 12:00,4789,23.31
2021-04-05 13:00,4792,23.31
2021-04-05 14:00,4905,23.35
2021-04-05 15:00,4748,23.34
2021-04-05 16:00,4555,23.35
2021-04-05 17:00,4514,23.37
2021-04-05 18:00,4526,23.38
2021-04-05 19:00,4531,23.39
2021-04-05 20:00,4528,23.4
2021-04-05 21:00,4529,23.4
2021-04-05 22:00,4539,23.41
2021-04-05 23:00,4519,23.41
2021-04-06 0:00,4534,23.42
2021-04-06 1:00,4542,23.42
2021-04-06 2:00,4532,23.44
2021-04-06 3:00,4516,23.45
2021-04-06 4:00,4532,23.45
2021-04-06 5:00,4525,23.46
2021-04-06 6:00,4486,23.46
2021-04-06 7:00,4475,23.47
2021-04-06 8:00,4488,23.47
2021-04-06 9:00,4475,23.47
2021-04-06 10:00,4452,23.47
2021-04-06 11:00,4407,23.47
2021-04-06 12:00,4388,23.47
2021-04-06 13:00,4404,23.49
2021-04-06 14:00,4419,23.48
2021-04-06 15:00,4480,23.49
2021-04-06 16:00,4618,23.52
2021-04-06 17:00,4565,23.52
2021-04-06 18:00,4666,23.52
2021-04-06 19:00,4712,23.55
2021-04-06 20:00,4742,23.56
2021-04-06 21:00,4892,23.6
2021-04-06 22:00,4937,23.63
2021-04-06 23:00,4941,23.64
2021-04-07 0:00,4947,23.64
2021-04-07 1:00,5005,23.67
2021-04-07 2:00,5039,23.66
2021-04-07 3:00,5277,23.71
2021-04-07 4:00,5338,23.71
2021-04-07 5:00,5333,23.71
2021-04-07 6:00,5301,23.71
2021-04-07 7:00,5287,23.72
2021-04-07 8:00,5283,23.73
2021-04-07 9:00,5316,23.75
2021-04-07 10:00,5337,23.76
2021-04-07 11:00,5365,23.77
2021-04-07 12:00,5357,23.78
2021-04-07 13:00,5409,23.8
2021-04-07 14:00,5574,23.8
2021-04-07 15:00,5594,23.77
2021-04-07 16:00,5604,23.78
2021-04-07 17:00,5592,23.78
2021-04-07 18:00,5601,23.79
2021-04-07 19:00,5619,23.79
2021-04-07 20:00,5591,23.8
2021-04-07 21:00,5606,23.8
2021-04-07 22:00,5600,23.8
2021-04-07 23:00,5595,23.8
2021-04-08 0:00,5598,23.81
2021-04-08 1:00,5609,23.81
2021-04-08 2:00,5610,23.82
2021-04-08 3:00,5580,23.83
2021-04-08 4:00,5595,23.83
2021-04-08 5:00,5592,23.83
2021-04-08 6:00,5587,23.83
2021-04-08 7:00,5580,23.84
2021-04-08 8:00,5531,23.83
2021-04-08 9:00,5495,23.83
2021-04-08 10:00,5489,23.84
2021-04-08 11:00,5502,23.83
2021-04-08 12:00,5512,23.84
2021-04-08 13:00,5494,23.84
2021-04-08 14:00,5489,23.83
2021-04-08 15:00,5482,23.82
2021-04-08 16:00,5451,23.83
2021-04-08 17:00,5446,23.83
2021-04-08 18:00,5454,23.83
2021-04-08 19:00,5449,23.83
2021-04-08 20:00,5433,23.83
2021-04-08 21:00,5424,23.84
2021-04-08 22:00,5413,23.82
2021-04-08 23:00,5402,23.82
2021-04-09 0:00,5403,23.81
2021-04-09 1:00,5422,23.81
2021-04-09 2:00,5388,23.81
2021-04-09 3:00,5391,23.82
2021-04-09 4:00,5348,23.81
2021-04-09 5:00,5334,23.8
2021-04-09 6:00,5330,23.8
2021-04-09 7:00,5321,23.79
2021-04-09 8:00,5332,23.79
2021-04-09 9:00,5336,23.78
2021-04-09 10:00,5308,23.78
2021-04-09 11:00,5303,23.77
2021-04-09 12:00,5266,23.77
2021-04-09 13:00,5273,23.77
2021-04-09 14:00,5269,23.76
2021-04-09 15:00,5269,23.76
2021-04-09 16:00,5235,23.75
2021-04-09 17:00,5231,23.75
2021-04-09 18:00,5226,23.74
2021-04-09 19:00,5229,23.74
2021-04-09 20:00,5224,23.74
2021-04-09 21:00,5227,23.73
2021-04-09 22:00,5225,23.73
2021-04-09 23:00,5224,23.72
2021-04-10 0:00,5215,23.72
2021-04-10 1:00,5193,23.72
2021-04-10 2:00,5182,23.72
2021-04-10 3:00,5166,23.71
2021-04-10 4:00,5180,23.71
2021-04-10 5:00,5178,23.71
2021-04-10 6:00,5108,23.69
2021-04-10 7:00,5029,23.68
2021-04-10 8:00,5032,23.67
2021-04-10 9:00,5114,23.67
2021-04-10 10:00,5116,23.68
2021-04-10 11:00,5151,23.67
2021-04-10 12:00,5150,23.67
2021-04-10 13:00,5094,23.66
2021-04-10 14:00,5095,23.66
2021-04-10 15:00,5033,23.63
2021-04-10 16:00,5361,23.67
2021-04-10 17:00,5267,23.65
2021-04-10 18:00,5431,23.67
2021-04-10 19:00,5412,23.64
2021-04-10 20:00,5330,23.63
2021-04-10 21:00,5084,23.65
2021-04-10 22:00,5062,23.62
2021-04-10 23:00,5292,23.66
2021-04-11 0:00,5297,23.66
2021-04-11 1:00,5273,23.66
2021-04-11 2:00,5152,23.64
2021-04-11 3:00,5144,23.64
2021-04-11 4:00,5163,23.64
2021-04-11 5:00,5155,23.64
2021-04-11 6:00,5383,23.66
2021-04-11 7:00,5415,23.68
2021-04-11 8:00,5254,23.67
2021-04-11 9:00,5188,23.67
2021-04-11 10:00,5134,23.66
2021-04-11 11:00,5228,23.67
2021-04-11 12:00,5273,23.67
2021-04-11 13:00,5323,23.68
2021-04-11 14:00,5379,23.68
2021-04-11 15:00,5387,23.71
2021-04-11 16:00,5369,23.69
2021-04-11 17:00,5274,23.69
2021-04-11 18:00,5257,23.69
2021-04-11 19:00,5254,23.69
2021-04-11 20:00,5365,23.71
2021-04-11 21:00,5427,23.72
2021-04-11 22:00,5443,23.73
2021-04-11 23:00,5442,23.73
2021-04-12 0:00,5437,23.73
2021-04-12 1:00,5388,23.73
2021-04-12 2:00,5302,23.72
2021-04-12 3:00,5305,23.73
2021-04-12 4:00,5399,23.74
2021-04-12 5:00,5449,23.74
2021-04-12 6:00,5569,23.75
2021-04-12 7:00,5576,23.76
2021-04-12 8:00,5556,23.76
2021-04-12 9:00,5516,23.75
2021-04-12 10:00,5548,23.74
2021-04-12 11:00,5574,23.74
2021-04-12 12:00,5693,23.77
2021-04-12 13:00,5748,23.78
2021-04-12 14:00,5726,23.79
2021-04-12 15:00,5695,23.78
2021-04-12 16:00,5714,23.79
2021-04-12 17:00,5727,23.8
2021-04-12 18:00,5697,23.81
2021-04-12 19:00,5688,23.81
2021-04-12 20:00,5702,23.81
2021-04-12 21:00,5695,23.82
2021-04-12 22:00,5706,23.82
2021-04-12 23:00,5817,23.82
2021-04-13 0:00,5846,23.82
2021-04-13 1:00,5840,23.82
2021-04-13 2:00,5839,23.83
2021-04-13 3:00,5831,23.84
2021-04-13 4:00,5795,23.84
2021-04-13 5:00,5805,23.84
2021-04-13 6:00,5787,23.84
2021-04-13 7:00,5789,23.85
2021-04-13 8:00,5927,23.84
2021-04-13 9:00,5930,23.84
2021-04-13 10:00,5910,23.84
2021-04-13 11:00,5888,23.85
2021-04-13 12:00,5878,23.85
2021-04-13 13:00,5904,23.86
2021-04-13 14:00,5896,23.86
2021-04-13 15:00,5894,23.86
2021-04-13 16:00,5902,23.86
2021-04-13 17:00,5912,23.87
2021-04-13 18:00,5890,23.88
2021-04-13 19:00,5900,23.88
2021-04-13 20:00,5896,23.89
2021-04-13 21:00,5929,23.89
2021-04-13 22:00,5885,23.89
2021-04-13 23:00,5903,23.89
2021-04-14 0:00,5897,23.89
2021-04-14 1:00,5891,23.89
2021-04-14 2:00,5915,23.9
2021-04-14 3:00,5920,23.9
2021-04-14 4:00,5912,23.9
2021-04-14 5:00,5918,23.91
2021-04-14 6:00,5926,23.91
2021-04-14 7:00,5955,23.91
2021-04-14 8:00,5960,23.9
2021-04-14 9:00,5941,23.91
2021-04-14 10:00,5962,23.91
2021-04-14 11:00,5891,23.91
2021-04-14 12:00,5941,23.91
2021-04-14 13:00,5961,23.92
2021-04-14 14:00,5968,23.91
2021-04-14 15:00,5970,23.92
2021-04-14 16:00,5953,23.91
2021-04-14 17:00,5945,23.92
2021-04-14 18:00,5940,23.92
2021-04-14 19:00,5936,23.92
2021-04-14 20:00,5925,23.92
2021-04-14 21:00,5898,23.92
2021-04-14 22:00,5898,23.92
2021-04-14 23:00,5903,23.92
2021-04-15 0:00,5892,23.92
2021-04-15 1:00,5883,23.91
2021-04-15 2:00,5882,23.92
2021-04-15 3:00,5877,23.92
2021-04-15 4:00,5896,23.92
2021-04-15 5:00,5877,23.92
2021-04-15 6:00,5870,23.92
2021-04-15 7:00,5872,23.92
2021-04-15 8:00,5815,23.92
2021-04-15 9:00,5814,23.92
2021-04-15 10:00,5845,23.92
2021-04-15 11:00,5845,23.92
2021-04-15 12:00,5841,23.92
2021-04-15 13:00,5826,23.92
2021-04-15 14:00,5807,23.92
2021-04-15 15:00,5834,23.92
2021-04-15 16:00,5979,23.91
2021-04-15 17:00,5981,23.9
2021-04-15 18:00,5890,23.89
2021-04-15 19:00,5882,23.92
2021-04-15 20:00,5891,23.92
2021-04-15 21:00,5833,23.92
2021-04-15 22:00,5833,23.91
2021-04-15 23:00,5830,23.91
2021-04-16 0:00,5856,23.92
2021-04-16 1:00,5837,23.91
2021-04-16 2:00,5845,23.91
2021-04-16 3:00,5849,23.91
2021-04-16 4:00,5844,23.91
2021-04-16 5:00,5855,23.91
2021-04-16 6:00,5852,23.92
2021-04-16 7:00,5914,23.91
2021-04-16 8:00,5931,23.91
2021-04-16 9:00,5919,23.91
2021-04-16 10:00,5920,23.91
2021-04-16 11:00,5926,23.91
2021-04-16 12:00,5912,23.91
2021-04-16 13:00,5932,23.91
2021-04-16 14:00,5929,23.92
2021-04-16 15:00,5957,23.92
2021-04-16 16:00,5960,23.92
2021-04-16 17:00,6021,23.93
2021-04-16 18:00,6013,23.93
2021-04-16 19:00,6026,23.95
2021-04-16 20:00,6013,23.94
2021-04-16 21:00,6053,23.94
2021-04-16 22:00,6115,23.95
2021-04-16 23:00,6139,23.97
2021-04-17 0:00,6132,23.97
2021-04-17 1:00,6254,23.98
2021-04-17 2:00,6303,24
2021-04-17 3:00,6285,23.99
2021-04-17 4:00,6288,23.98
2021-04-17 5:00,6293,23.97
2021-04-17 6:00,6352,23.99
2021-04-17 7:00,6361,24
2021-04-17 8:00,6400,24
2021-04-17 9:00,6419,24.01
2021-04-17 10:00,6439,24.02
2021-04-17 11:00,6439,24.03
2021-04-17 12:00,6441,24.04
2021-04-17 13:00,6442,24.05
2021-04-17 14:00,6472,24.05
2021-04-17 15:00,6472,24.05
2021-04-17 16:00,6465,24.06
2021-04-17 17:00,6472,24.07
2021-04-17 18:00,6457,24.07
2021-04-17 19:00,6493,24.08
2021-04-17 20:00,6506,24.09
2021-04-17 21:00,6507,24.09
2021-04-17 22:00,6545,24.1
2021-04-17 23:00,6558,24.11
2021-04-18 0:00,6513,24.12
2021-04-18 1:00,6526,24.12
2021-04-18 2:00,6527,24.13
2021-04-18 3:00,6563,24.13
2021-04-18 4:00,6577,24.15
2021-04-18 5:00,6551,24.14
2021-04-18 6:00,6552,24.16
2021-04-18 7:00,6577,24.16
2021-04-18 8:00,6549,24.16
2021-04-18 9:00,6553,24.17
2021-04-18 10:00,6584,24.17
2021-04-18 11:00,6559,24.18
2021-04-18 12:00,6559,24.18
2021-04-18 13:00,6634,24.19
2021-04-18 14:00,6609,24.2
2021-04-18 15:00,6633,24.21
2021-04-18 16:00,6578,24.21
2021-04-18 17:00,6608,24.22
2021-04-18 18:00,6591,24.21
2021-04-18 19:00,6582,24.21
2021-04-18 20:00,6580,24.22
2021-04-18 21:00,6582,24.22
2021-04-18 22:00,6570,24.21
2021-04-18 23:00,6607,24.22
2021-04-19 0:00,6593,24.22
2021-04-19 1:00,6583,24.22
2021-04-19 2:00,6579,24.23
2021-04-19 3:00,6553,24.23
2021-04-19 4:00,6568,24.22
2021-04-19 5:00,6610,24.24
2021-04-19 6:00,6595,24.23
2021-04-19 7:00,6596,24.23
2021-04-19 8:00,6564,24.23
2021-04-19 9:00,6577,24.24
2021-04-19 10:00,6562,24.24
2021-04-19 11:00,6585,24.25
2021-04-19 12:00,6580,24.25
2021-04-19 13:00,6579,24.25
2021-04-19 14:00,6637,24.27
2021-04-19 15:00,6726,24.27
2021-04-19 16:00,6777,24.26
2021-04-19 17:00,6794,24.28
2021-04-19 18:00,6839,24.28
2021-04-19 19:00,6831,24.27
2021-04-19 20:00,6874,24.27
2021-04-19 21:00,6854,24.27
2021-04-19 22:00,6847,24.28
2021-04-19 23:00,6883,24.28
2021-04-20 0:00,6927,24.29
2021-04-20 1:00,7018,24.28
2021-04-20 2:00,6938,24.29
2021-04-20 3:00,6963,24.29
2021-04-20 4:00,6941,24.3
2021-04-20 5:00,6974,24.29
2021-04-20 6:00,6942,24.3
2021-04-20 7:00,6934,24.31
2021-04-20 8:00,6889,24.32
2021-04-20 9:00,6915,24.32
2021-04-20 10:00,6976,24.3
2021-04-20 11:00,7034,24.29
2021-04-20 12:00,7047,24.3
2021-04-20 13:00,7132,24.3
2021-04-20 14:00,7076,24.32
2021-04-20 15:00,6950,24.33
2021-04-20 16:00,6993,24.33
2021-04-20 17:00,6994,24.33
2021-04-20 18:00,6977,24.34
2021-04-20 19:00,6960,24.35
2021-04-20 20:00,6921,24.34
2021-04-20 21:00,6905,24.33
2021-04-20 22:00,6977,24.35
2021-04-20 23:00,6685,24.37
2021-04-21 0:00,6771,24.38
2021-04-21 1:00,6790,24.38
2021-04-21 2:00,6783,24.38
2021-04-21 3:00,6769,24.37
2021-04-21 4:00,6764,24.37
2021-04-21 5:00,6776,24.37
2021-04-21 6:00,6668,24.37
2021-04-21 7:00,6658,24.38
2021-04-21 8:00,6657,24.38
2021-04-21 9:00,6706,24.38
2021-04-21 10:00,6865,24.36
2021-04-21 11:00,7060,24.39
2021-04-21 12:00,7095,24.38
2021-04-21 13:00,6988,24.35
2021-04-21 14:00,7007,24.36
2021-04-21 15:00,7107,24.36
2021-04-21 16:00,7085,24.36
2021-04-21 17:00,7143,24.39
2021-04-21 18:00,7059,24.38
2021-04-21 19:00,7063,24.38
2021-04-21 20:00,7039,24.38
2021-04-21 21:00,7015,24.38
2021-04-21 22:00,7029,24.39
2021-04-21 23:00,7003,24.38
2021-04-22 0:00,6995,24.38
2021-04-22 1:00,6881,24.36
2021-04-22 2:00,6884,24.37
2021-04-22 3:00,6871,24.37
2021-04-22 4:00,6941,24.36
2021-04-22 5:00,6911,24.37
2021-04-22 6:00,6905,24.37
2021-04-22 7:00,6877,24.36
2021-04-22 8:00,6876,24.36
2021-04-22 9:00,6888,24.36
2021-04-22 10:00,6900,24.35
2021-04-22 11:00,6829,24.34
2021-04-22 12:00,6827,24.34
2021-04-22 13:00,6821,24.33
2021-04-22 14:00,6826,24.33
2021-04-22 15:00,6810,24.33
2021-04-22 16:00,6773,24.33
2021-04-22 17:00,6795,24.33
2021-04-22 18:00,6752,24.32
2021-04-22 19:00,6819,24.33
2021-04-22 20:00,6770,24.32
2021-04-22 21:00,6770,24.32
2021-04-22 22:00,6771,24.32
2021-04-22 23:00,6773,24.32
2021-04-23 0:00,6764,24.32
2021-04-23 1:00,6738,24.32
2021-04-23 2:00,6751,24.33
2021-04-23 3:00,6745,24.32
2021-04-23 4:00,6552,24.29
2021-04-23 5:00,6530,24.28
2021-04-23 6:00,6611,24.29
2021-04-23 7:00,6589,24.29
2021-04-23 8:00,6547,24.28
2021-04-23 9:00,6601,24.28
2021-04-23 10:00,6527,24.27
2021-04-23 11:00,6545,24.28
2021-04-23 12:00,6509,24.27
2021-04-23 13:00,6476,24.26
2021-04-23 14:00,6459,24.26
2021-04-23 15:00,6458,24.25
2021-04-23 16:00,6468,24.24
2021-04-23 17:00,6458,24.23
2021-04-23 18:00,6444,24.22
2021-04-23 19:00,6581,24.23
2021-04-23 20:00,6582,24.22
2021-04-23 21:00,6553,24.23
2021-04-23 22:00,6501,24.22
2021-04-23 23:00,6415,24.2
2021-04-24 0:00,6395,24.2
2021-04-24 1:00,6417,24.2
2021-04-24 2:00,6413,24.2
2021-04-24 3:00,6430,24.2
2021-04-24 4:00,6347,24.19
2021-04-24 5:00,6366,24.2
2021-04-24 6:00,6358,24.2
2021-04-24 7:00,6350,24.2
2021-04-24 8:00,6364,24.22
2021-04-24 9:00,6328,24.2
2021-04-24 10:00,6310,24.18
2021-04-24 11:00,6276,24.17
2021-04-24 12:00,6259,24.18
2021-04-24 13:00,6284,24.18
2021-04-24 14:00,6269,24.17
2021-04-24 15:00,6275,24.16
2021-04-24 16:00,6290,24.16
2021-04-24 17:00,6284,24.16
2021-04-24 18:00,6293,24.16
2021-04-24 19:00,6231,24.14
2021-04-24 20:00,6198,24.13
2021-04-24 21:00,6200,24.13
2021-04-24 22:00,6217,24.13
2021-04-24 23:00,6239,24.13
2021-04-25 0:00,6234,24.11
2021-04-25 1:00,6220,24.13
2021-04-25 2:00,6150,24.12
2021-04-25 3:00,6092,24.11
2021-04-25 4:00,6073,24.1
2021-04-25 5:00,6085,24.1
2021-04-25 6:00,6093,24.1
2021-04-25 7:00,6110,24.1
2021-04-25 8:00,6098,24.1
2021-04-25 9:00,6003,24.09
2021-04-25 10:00,5995,24.08
2021-04-25 11:00,5997,24.08
2021-04-25 12:00,6004,24.07
2021-04-25 13:00,5993,24.07
2021-04-25 14:00,6027,24.08
2021-04-25 15:00,6021,24.06
2021-04-25 16:00,6003,24.07
2021-04-25 17:00,6027,24.07
2021-04-25 18:00,6018,24.06
2021-04-25 19:00,6005,24.06
2021-04-25 20:00,6052,24.05
2021-04-25 21:00,6001,24.04
2021-04-25 22:00,5956,24.03
2021-04-25 23:00,5975,24.03
2021-04-26 0:00,5959,24.03
2021-04-26 1:00,5985,24.04
2021-04-26 2:00,5973,24.02
2021-04-26 3:00,5973,24.01
2021-04-26 4:00,5965,24.01
2021-04-26 5:00,5924,24
2021-04-26 6:00,5917,24
2021-04-26 7:00,5918,24
2021-04-26 8:00,5876,23.99
2021-04-26 9:00,5876,23.98
2021-04-26 10:00,5889,23.98
2021-04-26 11:00,5932,23.98
2021-04-26 12:00,5908,23.98
2021-04-26 13:00,5906,23.97
2021-04-26 14:00,5867,23.97
2021-04-26 15:00,5860,23.96
2021-04-26 16:00,5797,23.95
2021-04-26 17:00,5744,23.95
2021-04-26 18:00,5705,23.93
2021-04-26 19:00,5722,23.93
2021-04-26 20:00,5760,23.93
2021-04-26 21:00,5821,23.94
2021-04-26 22:00,5806,23.94
2021-04-26 23:00,5833,23.93
2021-04-27 0:00,5802,23.92
2021-04-27 1:00,5724,23.92
2021-04-27 2:00,5724,23.92
2021-04-27 3:00,5647,23.9
2021-04-27 4:00,5656,23.9
2021-04-27 5:00,5681,23.9
2021-04-27 6:00,5764,23.91
2021-04-27 7:00,5751,23.9
2021-04-27 8:00,5638,23.89
2021-04-27 9:00,5657,23.88
2021-04-27 10:00,5636,23.89
2021-04-27 11:00,5655,23.88
2021-04-27 12:00,5608,23.87
2021-04-27 13:00,5603,23.87
2021-04-27 14:00,5667,23.87
2021-04-27 15:00,5837,23.91
2021-04-27 16:00,5591,23.89
2021-04-27 17:00,5481,23.87
2021-04-27 18:00,5469,23.86
2021-04-27 19:00,5478,23.86
2021-04-27 20:00,5489,23.86
2021-04-27 21:00,5469,23.86
2021-04-27 22:00,5489,23.85
2021-04-27 23:00,5559,23.84
2021-04-28 0:00,5596,23.84
2021-04-28 1:00,5569,23.84
2021-04-28 2:00,5642,23.84
2021-04-28 3:00,5641,23.84
2021-04-28 4:00,5634,23.85
2021-04-28 5:00,5621,23.84
2021-04-28 6:00,5602,23.83
2021-04-28 7:00,5611,23.83
2021-04-28 8:00,5613,23.83
2021-04-28 9:00,5787,23.83
2021-04-28 10:00,5843,23.83
2021-04-28 11:00,5759,23.83
2021-04-28 12:00,5768,23.82
2021-04-28 13:00,5726,23.81
2021-04-28 14:00,5550,23.8
2021-04-28 15:00,5596,23.81
2021-04-28 16:00,5596,23.81
2021-04-28 17:00,5641,23.81
2021-04-28 18:00,5600,23.81
2021-04-28 19:00,5549,23.79
2021-04-28 20:00,5539,23.8
2021-04-28 21:00,5546,23.81
2021-04-28 22:00,5556,23.81
2021-04-28 23:00,5542,23.8
2021-04-29 0:00,5546,23.8
2021-04-29 1:00,5544,23.8
2021-04-29 2:00,5548,23.79
2021-04-29 3:00,5544,23.78
2021-04-29 4:00,5528,23.78
2021-04-29 5:00,5503,23.78
2021-04-29 6:00,5478,23.77
2021-04-29 7:00,5463,23.77
2021-04-29 8:00,5559,23.76
2021-04-29 9:00,5546,23.78
2021-04-29 10:00,5546,23.78
2021-04-29 11:00,5675,23.76
2021-04-29 12:00,5783,23.75
2021-04-29 13:00,5838,23.74
2021-04-29 14:00,5788,23.73
2021-04-29 15:00,5664,23.7
2021-04-29 16:00,5507,23.73
2021-04-29 17:00,5671,23.75
2021-04-29 18:00,5672,23.75
2021-04-29 19:00,5626,23.75
2021-04-29 20:00,5585,23.74
2021-04-29 21:00,5545,23.75
2021-04-29 22:00,5519,23.75
2021-04-29 23:00,5463,23.74
2021-04-30 0:00,5396,23.73
2021-04-30 1:00,5406,23.72
2021-04-30 2:00,5470,23.73
2021-04-30 3:00,5454,23.73
2021-04-30 4:00,5510,23.74
2021-04-30 5:00,5551,23.74
2021-04-30 6:00,5527,23.75
2021-04-30 7:00,5524,23.75
2021-04-30 8:00,5765,23.79
2021-04-30 9:00,5743,23.82
2021-04-30 10:00,5364,23.75
2021-04-30 11:00,5374,23.74
2021-04-30 12:00,5514,23.77
2021-04-30 13:00,5562,23.77
2021-04-30 14:00,5580,23.77
2021-04-30 15:00,5524,23.77
2021-04-30 16:00,5517,23.76
2021-04-30 17:00,5501,23.77
2021-04-30 18:00,5516,23.77
2021-04-30 19:00,5516,23.77
2021-04-30 20:00,5517,23.78
2021-04-30 21:00,5506,23.79
2021-04-30 22:00,5509,23.79
2021-04-30 23:00,5506,23.78
2021-05-01 0:00,5503,23.78
2021-05-01 1:00,5489,23.79
2021-05-01 2:00,5560,23.82
2021-05-01 3:00,5598,23.82
2021-05-01 4:00,5642,23.82
2021-05-01 5:00,5765,23.83
2021-05-01 6:00,5757,23.84
2021-05-01 7:00,5763,23.84
2021-05-01 8:00,5758,23.84
2021-05-01 9:00,5744,23.85
2021-05-01 10:00,5745,23.86
2021-05-01 11:00,5965,23.89
2021-05-01 12:00,5973,23.89
2021-05-01 13:00,5914,23.89
2021-05-01 14:00,5844,23.89
2021-05-01 15:00,5856,23.9
2021-05-01 16:00,5864,23.91
2021-05-01 17:00,6043,23.93
2021-05-01 18:00,6062,23.94
2021-05-01 19:00,6046,23.95
2021-05-01 20:00,6263,23.99
2021-05-01 21:00,6324,24.01
2021-05-01 22:00,6297,24.05
2021-05-01 23:00,6324,24.08
2021-05-02 0:00,6292,24.07
2021-05-02 1:00,6504,24.08
2021-05-02 2:00,6695,24.13
2021-05-02 3:00,6714,24.14
2021-05-02 4:00,6751,24.16
2021-05-02 5:00,6765,24.18
2021-05-02 6:00,6936,24.22
2021-05-02 7:00,6956,24.23
2021-05-02 8:00,6947,24.23
2021-05-02 9:00,6964,24.25
2021-05-02 10:00,6999,24.27
2021-05-02 11:00,7109,24.29
2021-05-02 12:00,7153,24.31
2021-05-02 13:00,7133,24.32
2021-05-02 14:00,7144,24.33
2021-05-02 15:00,7233,24.35
2021-05-02 16:00,7264,24.37
2021-05-02 17:00,7245,24.37
2021-05-02 18:00,7229,24.38
2021-05-02 19:00,7200,24.4
2021-05-02 20:00,7457,24.45
2021-05-02 21:00,7555,24.47
2021-05-02 22:00,7574,24.47
2021-05-02 23:00,7538,24.47
2021-05-03 0:00,7340,24.46
2021-05-03 1:00,7400,24.48
2021-05-03 2:00,7437,24.5
2021-05-03 3:00,7505,24.5
2021-05-03 4:00,7580,24.51
2021-05-03 5:00,7566,24.52
2021-05-03 6:00,7582,24.52
2021-05-03 7:00,7559,24.53
2021-05-03 8:00,7964,24.59
2021-05-03 9:00,7833,24.57
2021-05-03 10:00,7886,24.63
2021-05-03 11:00,7614,24.58
2021-05-03 12:00,7500,24.55
2021-05-03 13:00,7569,24.58
2021-05-03 14:00,7624,24.58
2021-05-03 15:00,7852,24.62
2021-05-03 16:00,7896,24.61
2021-05-03 17:00,7897,24.62
2021-05-03 18:00,7720,24.6
2021-05-03 19:00,7593,24.61
2021-05-03 20:00,7596,24.62
2021-05-03 21:00,7580,24.63
2021-05-03 22:00,7647,24.64
2021-05-03 23:00,7751,24.66
2021-05-04 0:00,7747,24.66
2021-05-04 1:00,7692,24.66
2021-05-04 2:00,7689,24.67
2021-05-04 3:00,7679,24.67
2021-05-04 4:00,7654,24.67
2021-05-04 5:00,7661,24.67
2021-05-04 6:00,7676,24.67
2021-05-04 7:00,7688,24.68
2021-05-04 8:00,7747,24.69
2021-05-04 9:00,7740,24.69
2021-05-04 10:00,7779,24.69
2021-05-04 11:00,7766,24.7
2021-05-04 12:00,7761,24.69
2021-05-04 13:00,7742,24.69
2021-05-04 14:00,7711,24.7
2021-05-04 15:00,7834,24.71
2021-05-04 16:00,7859,24.7
2021-05-04 17:00,7846,24.71
2021-05-04 18:00,7690,24.68
2021-05-04 19:00,7696,24.69
2021-05-04 20:00,7704,24.69
2021-05-04 21:00,7747,24.7
2021-05-04 22:00,7756,24.71
2021-05-04 23:00,7726,24.7
2021-05-05 0:00,7733,24.7
2021-05-05 1:00,7737,24.69
2021-05-05 2:00,7734,24.71
2021-05-05 3:00,7684,24.71
2021-05-05 4:00,7689,24.71
2021-05-05 5:00,7705,24.72
2021-05-05 6:00,7667,24.73
2021-05-05 7:00,7663,24.72
2021-05-05 8:00,7645,24.73
2021-05-05 9:00,7655,24.73
2021-05-05 10:00,7611,24.72
2021-05-05 11:00,7623,24.73
2021-05-05 12:00,7610,24.73
2021-05-05 13:00,7604,24.72
2021-05-05 14:00,7473,24.72
2021-05-05 15:00,7488,24.71
2021-05-05 16:00,7675,24.73
2021-05-05 17:00,7575,24.72
2021-05-05 18:00,7329,24.69
2021-05-05 19:00,7367,24.69
2021-05-05 20:00,7522,24.73
2021-05-05 21:00,7566,24.73
2021-05-05 22:00,7583,24.72
2021-05-05 23:00,7623,24.74
2021-05-06 0:00,7810,24.76
2021-05-06 1:00,7829,24.78
2021-05-06 2:00,7836,24.78
2021-05-06 3:00,7821,24.77
2021-05-06 4:00,7824,24.8
2021-05-06 5:00,7849,24.79
2021-05-06 6:00,7966,24.81
2021-05-06 7:00,7986,24.81
2021-05-06 8:00,8193,24.83
2021-05-06 9:00,8138,24.83
2021-05-06 10:00,7911,24.82
2021-05-06 11:00,8188,24.86
2021-05-06 12:00,8028,24.87
2021-05-06 13:00,7946,24.85
2021-05-06 14:00,8319,24.91
2021-05-06 15:00,8331,24.91
2021-05-06 16:00,8133,24.93
2021-05-06 17:00,8551,24.93
2021-05-06 18:00,8696,24.95
2021-05-06 19:00,8674,24.95
2021-05-06 20:00,8388,24.92
2021-05-06 21:00,8470,24.95
2021-05-06 22:00,8543,24.96
2021-05-06 23:00,8594,24.99
2021-05-07 0:00,8664,24.98
2021-05-07 1:00,8661,24.99
2021-05-07 2:00,8661,25.01
2021-05-07 3:00,8642,25.03
2021-05-07 4:00,8680,25.02
2021-05-07 5:00,8703,25.04
2021-05-07 6:00,8780,25.05
2021-05-07 7:00,8863,25.07
2021-05-07 8:00,8819,25.07
2021-05-07 9:00,8827,25.08
2021-05-07 10:00,8828,25.09
2021-05-07 11:00,8781,25.08
2021-05-07 12:00,8849,25.08
2021-05-07 13:00,8910,25.1
2021-05-07 14:00,8926,25.09
2021-05-07 15:00,8930,25.11
2021-05-07 16:00,8899,25.09
2021-05-07 17:00,8919,25.11
2021-05-07 18:00,8887,25.12
2021-05-07 19:00,8918,25.12
2021-05-07 20:00,8904,25.11
2021-05-07 21:00,8868,25.13
2021-05-07 22:00,8871,25.12
2021-05-07 23:00,8886,25.13
2021-05-08 0:00,8902,25.13
2021-05-08 1:00,8853,25.14
2021-05-08 2:00,8891,25.13
2021-05-08 3:00,8887,25.14
2021-05-08 4:00,8844,25.13
2021-05-08 5:00,8832,25.13
2021-05-08 6:00,8891,25.13
2021-05-08 7:00,8911,25.14
2021-05-08 8:00,8902,25.15
2021-05-08 9:00,8918,25.14
2021-05-08 10:00,8994,25.14
2021-05-08 11:00,9015,25.13
2021-05-08 12:00,9018,25.13
2021-05-08 13:00,8933,25.12
2021-05-08 14:00,8998,25.14
2021-05-08 15:00,8984,25.14
2021-05-08 16:00,8960,25.14
2021-05-08 17:00,8909,25.12
2021-05-08 18:00,8893,25.13
2021-05-08 19:00,8891,25.13
2021-05-08 20:00,8890,25.13
2021-05-08 21:00,8830,25.11
2021-05-08 22:00,8824,25.13
2021-05-08 23:00,8845,25.13
2021-05-09 0:00,8843,25.13
2021-05-09 1:00,8853,25.12
2021-05-09 2:00,8823,25.12
2021-05-09 3:00,8830,25.13
2021-05-09 4:00,8837,25.12
2021-05-09 5:00,8831,25.12
2021-05-09 6:00,8802,25.13
2021-05-09 7:00,8732,25.1
2021-05-09 8:00,9233,25.16
2021-05-09 9:00,9036,25.13
2021-05-09 10:00,8823,25.11
2021-05-09 11:00,8762,25.09
2021-05-09 12:00,8746,25.09
2021-05-09 13:00,8696,25.09
2021-05-09 14:00,8644,25.09
2021-05-09 15:00,8591,25.08
2021-05-09 16:00,8598,25.07
2021-05-09 17:00,8590,25.08
2021-05-09 18:00,8588,25.07
2021-05-09 19:00,8593,25.06
2021-05-09 20:00,8583,25.06
2021-05-09 21:00,8587,25.07
2021-05-09 22:00,8581,25.04
2021-05-09 23:00,8514,25.05
2021-05-10 0:00,8526,25.04
2021-05-10 1:00,8526,25.03
2021-05-10 2:00,8512,25.03
2021-05-10 3:00,8532,25.03
2021-05-10 4:00,8475,25.02
2021-05-10 5:00,8331,25.01
2021-05-10 6:00,8274,24.99
2021-05-10 7:00,8324,25
2021-05-10 8:00,8345,24.99
2021-05-10 9:00,8340,24.98
2021-05-10 10:00,8474,24.97
2021-05-10 11:00,8370,24.98
2021-05-10 12:00,8332,24.99
2021-05-10 13:00,8297,24.98
2021-05-10 14:00,8312,24.97
2021-05-10 15:00,8317,24.97
2021-05-10 16:00,8290,24.96
2021-05-10 17:00,8284,24.97
2021-05-10 18:00,8262,24.95
2021-05-10 19:00,8248,24.95
2021-05-10 20:00,8230,24.94
2021-05-10 21:00,8191,24.93
2021-05-10 22:00,8211,24.93
2021-05-10 23:00,8145,24.91
2021-05-11 0:00,8141,24.91
2021-05-11 1:00,8120,24.9
2021-05-11 2:00,8119,24.9
2021-05-11 3:00,8123,24.9
2021-05-11 4:00,8037,24.88
2021-05-11 5:00,8009,24.87
2021-05-11 6:00,8027,24.87
2021-05-11 7:00,8027,24.87
2021-05-11 8:00,8038,24.87
2021-05-11 9:00,8027,24.86
2021-05-11 10:00,8014,24.86
2021-05-11 11:00,8008,24.85
2021-05-11 12:00,7992,24.85
2021-05-11 13:00,7974,24.85
2021-05-11 14:00,7810,24.84
2021-05-11 15:00,7766,24.83
2021-05-11 16:00,7673,24.8
2021-05-11 17:00,7735,24.8
2021-05-11 18:00,7754,24.81
2021-05-11 19:00,7745,24.78
2021-05-11 20:00,7759,24.77
2021-05-11 21:00,7743,24.77
2021-05-11 22:00,7737,24.78
2021-05-11 23:00,7634,24.76
2021-05-12 0:00,7648,24.75
2021-05-12 1:00,7635,24.75
2021-05-12 2:00,7645,24.74
2021-05-12 3:00,7639,24.74
2021-05-12 4:00,7672,24.74
2021-05-12 5:00,7581,24.73
2021-05-12 6:00,7467,24.72
2021-05-12 7:00,7484,24.71
2021-05-12 8:00,7498,24.7
2021-05-12 9:00,7477,24.69
2021-05-12 10:00,7456,24.69
2021-05-12 11:00,7469,24.68
2021-05-12 12:00,7342,24.66
2021-05-12 13:00,7358,24.66
2021-05-12 14:00,7336,24.65
2021-05-12 15:00,7357,24.65
2021-05-12 16:00,7356,24.65
2021-05-12 17:00,7362,24.64
2021-05-12 18:00,7333,24.63
2021-05-12 19:00,7335,24.62
2021-05-12 20:00,7324,24.62
2021-05-12 21:00,7130,24.58
2021-05-12 22:00,7244,24.6
2021-05-12 23:00,7242,24.59
2021-05-13 0:00,7173,24.57
